<configs>
    <!-- Adding new screamer buff -->
	<append xpath="/buffs">
		<buff name="buffScreamerSpawn" hidden="true" icon="ui_game_symbol_infection"> 
			<stack_type value="effect"/>
			<update_rate value="30"/>
			<effect_group>
				<requirement name="CVarCompare" cvar="_notAlerted" operation="LTE" value="0" target="other"/>
					<triggered_effect trigger="onSelfBuffUpdate" action="SpawnEntityDMT, Mods" target="self" SpawnGroup="ZombiesWasteland">
					</triggered_effect>
					<triggered_effect trigger="onSelfBuffUpdate" action="SpawnEntityDMT, Mods" target="self" SpawnGroup="ZombiesWasteland">
					</triggered_effect>
					<triggered_effect trigger="onSelfBuffUpdate" action="SpawnEntityDMT, Mods" target="self" SpawnGroup="ZombiesWasteland">
					</triggered_effect>
					<triggered_effect trigger="onSelfBuffUpdate" action="SpawnEntityDMT, Mods" target="self" SpawnGroup="ZombiesWasteland">
					</triggered_effect>
					<triggered_effect trigger="onSelfBuffUpdate" action="SpawnEntityDMT, Mods" target="self" SpawnGroup="ZombiesWasteland">
						<requirement name="RandomRoll" seed_type="Random" min_max="0,100" operation="LTE" value="50"/>
					</triggered_effect>
					<triggered_effect trigger="onSelfBuffUpdate" action="SpawnEntityDMT, Mods" target="self" SpawnGroup="ZombiesWasteland">
						<requirement name="RandomRoll" seed_type="Random" min_max="0,100" operation="LTE" value="50"/>
					</triggered_effect>
					<triggered_effect trigger="onSelfBuffUpdate" action="SpawnEntityDMT, Mods" target="self" SpawnGroup="ZombiesWasteland">
						<requirement name="RandomRoll" seed_type="Random" min_max="0,100" operation="LTE" value="25"/>
					</triggered_effect>
					<triggered_effect trigger="onSelfBuffUpdate" action="SpawnEntityDMT, Mods" target="self" SpawnGroup="ZombiesWasteland">
						<requirement name="RandomRoll" seed_type="Random" min_max="0,100" operation="LTE" value="25"/>
					</triggered_effect>
					<triggered_effect trigger="onSelfBuffUpdate" action="PlaySound" target="self" sound="Enemies/Scout_Zombie/zombiefemalescoutalert">
					</triggered_effect>
			</effect_group>
		</buff>
		
		<buff name="buffScreamerSpawnFeral" hidden="true" icon="ui_game_symbol_infection"> 
			<stack_type value="effect"/>
			<update_rate value="20"/>
			<effect_group>
				<requirement name="CVarCompare" cvar="_notAlerted" operation="LTE" value="0" target="other"/>
					<triggered_effect trigger="onSelfBuffUpdate" action="SpawnEntityDMT, Mods" target="self" SpawnGroup="ZombiesWastelandNightNoBears">
					</triggered_effect>
					<triggered_effect trigger="onSelfBuffUpdate" action="SpawnEntityDMT, Mods" target="self" SpawnGroup="ZombiesWastelandNightNoBears">
					</triggered_effect>
					<triggered_effect trigger="onSelfBuffUpdate" action="SpawnEntityDMT, Mods" target="self" SpawnGroup="ZombiesWastelandNightNoBears">
					</triggered_effect>
					<triggered_effect trigger="onSelfBuffUpdate" action="SpawnEntityDMT, Mods" target="self" SpawnGroup="ZombiesWastelandNightNoBears">
					</triggered_effect>
					<triggered_effect trigger="onSelfBuffUpdate" action="SpawnEntityDMT, Mods" target="self" SpawnGroup="ZombiesWastelandNightNoBears">
						<requirement name="RandomRoll" seed_type="Random" min_max="0,100" operation="LTE" value="50"/>
					</triggered_effect>
					<triggered_effect trigger="onSelfBuffUpdate" action="SpawnEntityDMT, Mods" target="self" SpawnGroup="ZombiesWastelandNightNoBears">
						<requirement name="RandomRoll" seed_type="Random" min_max="0,100" operation="LTE" value="50"/>
					</triggered_effect>
					<triggered_effect trigger="onSelfBuffUpdate" action="SpawnEntityDMT, Mods" target="self" SpawnGroup="ZombiesWastelandNightNoBears">
						<requirement name="RandomRoll" seed_type="Random" min_max="0,100" operation="LTE" value="25"/>
					</triggered_effect>
					<triggered_effect trigger="onSelfBuffUpdate" action="SpawnEntityDMT, Mods" target="self" SpawnGroup="ZombiesWastelandNightNoBears">
						<requirement name="RandomRoll" seed_type="Random" min_max="0,100" operation="LTE" value="25"/>
					</triggered_effect>
					<triggered_effect trigger="onSelfBuffUpdate" action="PlaySound" target="self" sound="Enemies/Scout_Zombie/zombiefemalescoutalert">
					</triggered_effect>
			</effect_group>
		</buff>
		
		<buff name="buffScreamerSpawnRadiated" hidden="true" icon="ui_game_symbol_infection"> 
			<stack_type value="effect"/>
			<update_rate value="10"/>
			<effect_group>
				<requirement name="CVarCompare" cvar="_notAlerted" operation="LTE" value="0" target="other"/>
					<triggered_effect trigger="onSelfBuffUpdate" action="SpawnEntityDMT, Mods" target="self" SpawnGroup="ZombieBadassGroup">
					</triggered_effect>
					<triggered_effect trigger="onSelfBuffUpdate" action="SpawnEntityDMT, Mods" target="self" SpawnGroup="ZombieBadassGroup">
					</triggered_effect>
					<triggered_effect trigger="onSelfBuffUpdate" action="SpawnEntityDMT, Mods" target="self" SpawnGroup="ZombieBadassGroup">
					</triggered_effect>
					<triggered_effect trigger="onSelfBuffUpdate" action="SpawnEntityDMT, Mods" target="self" SpawnGroup="ZombieBadassGroup">
					</triggered_effect>
					<triggered_effect trigger="onSelfBuffUpdate" action="SpawnEntityDMT, Mods" target="self" SpawnGroup="ZombieBadassGroup">
						<requirement name="RandomRoll" seed_type="Random" min_max="0,100" operation="LTE" value="50"/>
					</triggered_effect>
					<triggered_effect trigger="onSelfBuffUpdate" action="SpawnEntityDMT, Mods" target="self" SpawnGroup="ZombieBadassGroup">
						<requirement name="RandomRoll" seed_type="Random" min_max="0,100" operation="LTE" value="50"/>
					</triggered_effect>
					<triggered_effect trigger="onSelfBuffUpdate" action="SpawnEntityDMT, Mods" target="self" SpawnGroup="ZombieBadassGroup">
						<requirement name="RandomRoll" seed_type="Random" min_max="0,100" operation="LTE" value="25"/>
					</triggered_effect>
					<triggered_effect trigger="onSelfBuffUpdate" action="SpawnEntityDMT, Mods" target="self" SpawnGroup="ZombieBadassGroup">
						<requirement name="RandomRoll" seed_type="Random" min_max="0,100" operation="LTE" value="25"/>
					</triggered_effect>
					<triggered_effect trigger="onSelfBuffUpdate" action="PlaySound" target="self" sound="Enemies/Scout_Zombie/zombiefemalescoutalert">
					</triggered_effect>
			</effect_group>
		</buff>
	</append>
</configs>