<configs>
	<!-- Adding new spawning buff to the screamers -->
	<set xpath="/entity_classes/entity_class[@name='zombieScreamer']">
		<property name="Tags" value="entity,zombie,walker"/>
		<property name="Buffs" value="buffScreamerSpawn"/>
		<property name="Mesh" value="#Entities/Zombies?Zombies/zombieStandardScreamerRagdoll.prefab"/>
		<property name="SoundRandom" value="Enemies/Base_Zombie_Female/zombiefemalescoutroam"/>
		<property name="SoundAlert" value="Enemies/Base_Zombie_Female/zombiefemalescoutsense"/>
		<property name="SoundAttack" value="Enemies/Base_Zombie_Female/zombiefemalescoutattack"/>
		<property name="SoundHurt" value="Enemies/Base_Zombie_Female/zombiefemalescoutpain"/>
		<property name="SoundDeath" value="Enemies/Base_Zombie_Female/zombiefemalescoutdeath"/>
		<property name="SoundSense" value="Enemies/Base_Zombie_Female/zombiefemalescoutsense"/>
		<property name="AvatarController" value="AvatarZombie01Controller"/>
		<property name="ModelType" value="Standard"/>
		<property name="WalkType" value="3"/>
		<property name="Mass" value="110"/>
		<property name="RootMotion" value="true"/>
		<property name="HasDeathAnim" value="true"/>
		<property name="AIPathCostScale" value=".5, .6"/>

		<!-- Gameplay -->
		<property name="HandItem" value="meleeHandZombie01"/>

		<effect_group name="Base Effects">
			<passive_effect name="HealthMax" operation="base_set" value="75"/>
			<passive_effect name="HealthMax" operation="perc_set" value="1"/> <!-- Zombie HP scale -->
		</effect_group>
	</set>
	
	<set xpath="/entity_classes/entity_class[@name='zombieScreamerFeral']">
		<property name="Tags" value="entity,zombie,walker,feral"/>
		<property name="Buffs" value="buffScreamerSpawnFeral"/>
		<property name="ReplaceMaterial1" value="#Entities/Zombies?Zombies/Materials/feral_eye.mat"/>

		<!-- Gameplay -->
		<property name="DismemberMultiplierHead" value=".7"/><property name="DismemberMultiplierArms" value=".7"/><property name="DismemberMultiplierLegs" value=".7"/><!-- Feral -->
		<property name="PainResistPerHit" value=".7"/><!-- Feral -->
		<property name="MoveSpeedAggro" value=".5, 1.35"/>

		<property name="HandItem" value="meleeHandZombieFeral"/>

		<property name="ExperienceGain" value="750"/> <!-- XP grunt feral -->
		<property name="LootDropProb" value=".03"/> <!-- Feral -->
		<effect_group name="Base Effects">
			<passive_effect name="HealthMax" operation="base_set" value="142"/>
			<passive_effect name="HealthMax" operation="perc_set" value="1"/> <!-- Zombie HP scale -->
		</effect_group>
	</set>
	
	<set xpath="/entity_classes/entity_class[@name='zombieScreamerRadiated']">
		<property name="Tags" value="entity,zombie,walker,feral,radiated"/>
		<property name="Buffs" value="buffScreamerSpawnRadiated"/>
		<!-- Gameplay -->
		<property name="DismemberMultiplierHead" value=".4"/><property name="DismemberMultiplierArms" value=".4"/><property name="DismemberMultiplierLegs" value=".4"/><!-- Radiated -->
		<property name="PainResistPerHit" value=".9"/><!-- Radiated -->
		<property name="MoveSpeedAggro" value=".5, 1.35"/>

		<property name="HandItem" value="meleeHandZombieFeral"/>

		<property name="ExperienceGain" value="1200"/> <!-- XP grunt radiated -->
		<property name="LootDropProb" value=".03"/> <!-- Radiated -->
		<effect_group name="Base Effects">
			<passive_effect name="HealthMax" operation="base_set" value="270"/>
			<passive_effect name="HealthMax" operation="perc_set" value="1"/> <!-- Zombie HP scale -->

			<triggered_effect trigger="onOtherDamagedSelf" action="ModifyCVar" target="self" cvar="RadiatedRegenAmount" operation="set" value="2.5"/>
			<triggered_effect trigger="onOtherDamagedSelf" action="AddBuff" target="self" buff="buffRadiatedRegen"/>
		</effect_group>
	</set>
</configs>